{"sections":{"video_F7KCGa":{"type":"video","blocks":{"play_eVpCxc":{"type":"play","settings":{}},"heading_jyn4Tr":{"type":"heading","settings":{"text":"Video","heading_tag":"h1"}}},"block_order":["play_eVpCxc","heading_jyn4Tr"],"settings":{"full_width":true,"allow_transparent_header":false,"autoplay":false,"video_size":"auto","external_video_url":"https:\/\/www.youtube.com\/watch?v=_9VUPq3SxOc","text_color":"#ffffff","overlay_color":"#000000","overlay_opacity":30}},"featured_collection_byQV8W":{"type":"featured-collection","settings":{"collection":"","products":[],"full_width":true,"stack_products":false,"show_progress_bar":false,"products_count":6,"products_per_row_mobile":"2","products_per_row_desktop":3,"subheading":"","title":"Best-sellers","content":"","link_url":"","link_text":"","background":"","background_gradient":"","text_color":"","heading_color":"","heading_gradient":"","product_card_background":"","product_card_text_color":""}},"collection-list":{"type":"collection-list","blocks":{"collection-1":{"type":"collection","settings":{"collection":"manteux-vestes","subheading":"","title":"","url":"","heading_tag":"h2","text_position":"place-self-center text-center","text_color":"#ffffff","overlay_color":"#000000","overlay_opacity":30}},"collection-2":{"type":"collection","settings":{"collection":"pulls","subheading":"","title":"","url":"","heading_tag":"h2","text_position":"place-self-center text-center","text_color":"#ffffff","overlay_color":"#000000","overlay_opacity":30}},"collection-3":{"type":"collection","settings":{"collection":"pantalon","subheading":"","title":"","url":"","heading_tag":"h2","text_position":"place-self-center text-center","text_color":"#ffffff","overlay_color":"#000000","overlay_opacity":30}}},"block_order":["collection-1","collection-2","collection-3"],"settings":{"full_width":true,"stack_collections":false,"collections_per_row":3,"show_progress_bar":false,"subheading":"","title":"HS25","content":"","link_url":"","link_text":"","background":"","background_gradient":"","text_color":"","heading_color":"","heading_gradient":""}},"featured-collection":{"type":"featured-collection","settings":{"collection":"","products":[],"full_width":true,"stack_products":false,"show_progress_bar":false,"products_count":6,"products_per_row_mobile":"2","products_per_row_desktop":4,"subheading":"","title":"Collection d'hiver","content":"","link_url":"","link_text":"","background":"","background_gradient":"","text_color":"","heading_color":"","heading_gradient":"","product_card_background":"","product_card_text_color":""}},"slideshow_a373fe":{"type":"slideshow","blocks":{"image_GBLwdn":{"type":"image","settings":{"image":"shopify:\/\/shop_images\/a-photo-of-the-dupont-mode-paris-clothin_AqMcZ8u8Q2KCkx0RYgUd2Q_o8uplXxcRU65dCNaznYpGQ.webp","content_max_width":780,"mobile_text_position":"place-self-center text-center","desktop_text_position":"sm:place-self-center sm:text-center","subheading":"Où l'élégance française et le style intemporel se rencontrent.","title":"Dupont Mode Paris","heading_tag":"h0","button_text":"","button_link":"","text_color":"#ffffff","button_background":"#ffffff","button_text_color":"#000000","overlay_color":"#000000","overlay_opacity":30,"background":"","background_gradient":""}}},"block_order":["image_GBLwdn"],"settings":{"full_width":true,"allow_transparent_header":true,"image_size":"auto","controls_type":"dots","transition_type":"fade_with_text","autoplay":false,"cycle_speed":6,"background":"#f2f2f2","background_gradient":""}},"media-grid":{"type":"media-grid","blocks":{"item-1":{"type":"image","settings":{"image":"shopify:\/\/shop_images\/d6b68399-6360-4abf-9448-b06d85e92780.webp","title":"Soldes d'hiver : Jusqu'à 70% de réduction","heading_tag":"h4","link_url":"shopify:\/\/collections\/all","link_text":"","mobile_text_position":"place-self-center text-center","desktop_column_span":2,"desktop_row_span":2,"desktop_text_position":"sm:place-self-center sm:text-center","background":"#000000","background_gradient":"","text_color":"#ffffff","text_gradient":"","button_background":"#000000","button_text_color":"#ffffff","overlay_color":"#000000","overlay_opacity":0}},"item-2":{"type":"image","settings":{"image":"shopify:\/\/shop_images\/Nine_Favorite_Things.webp","title":"À propos de nous","heading_tag":"h4","link_url":"shopify:\/\/pages\/a-propos-de-nous","link_text":"","mobile_text_position":"place-self-center text-center","desktop_column_span":1,"desktop_row_span":1,"desktop_text_position":"sm:place-self-center sm:text-center","background":"#000000","background_gradient":"","text_color":"#ffffff","text_gradient":"","button_background":"#000000","button_text_color":"#ffffff","overlay_color":"#000000","overlay_opacity":0}},"item-3":{"type":"image","settings":{"image":"shopify:\/\/shop_images\/c5ff5a6d-c378-4330-bd1c-a2997b09eaac.jpg","title":"Contact","heading_tag":"h4","link_url":"shopify:\/\/pages\/contact","link_text":"","mobile_text_position":"place-self-center text-center","desktop_column_span":1,"desktop_row_span":1,"desktop_text_position":"sm:place-self-center sm:text-center","background":"#000000","background_gradient":"","text_color":"#ffffff","text_gradient":"","button_background":"#000000","button_text_color":"#ffffff","overlay_color":"#000000","overlay_opacity":0}},"29246d34-c6e0-4373-84f6-b15e57736a00":{"type":"image","settings":{"image":"shopify:\/\/shop_images\/3755fc51-0f7e-4d8d-a8d3-116d1d4b54f7.webp","title":"Travailler avec nous","heading_tag":"h4","link_url":"shopify:\/\/pages\/travailler-avec-nous","link_text":"","mobile_text_position":"place-self-center text-center","desktop_column_span":2,"desktop_row_span":1,"desktop_text_position":"sm:place-self-center sm:text-center","background":"#000000","background_gradient":"","text_color":"#ffffff","text_gradient":"","button_background":"#000000","button_text_color":"#ffffff","overlay_color":"#000000","overlay_opacity":0}}},"block_order":["item-1","item-2","item-3","29246d34-c6e0-4373-84f6-b15e57736a00"],"settings":{"full_width":true,"reduce_width":false,"desktop_row_height":290,"mobile_row_height":150,"background":"","background_gradient":""}},"faq":{"type":"faq","blocks":{"166442457738b23caf-0":{"type":"item","settings":{"title":"Expédions","content":"<p>Nous expédions toutes nos commandes en France avec La Poste. Vous commandez avant 23h ? Votre colis sera expédié gratuitement le jour suivant. Ainsi, vous recevrez votre commande rapidement et sans frais supplémentaires!<\/p>"}},"166442457738b23caf-1":{"type":"item","settings":{"title":"Retours","content":"<p>Vous n'êtes pas entièrement satisfait ? Pas de panique ! Vous pouvez retourner votre commande facilement et rapidement dans les 14 jours suivant la réception. Nous veillons à ce que le processus se déroule sans accroc, pour que vous n'ayez rien à craindre<\/p>"}},"166442457738b23caf-2":{"type":"item","settings":{"title":"Taille","content":"<p>Nos vêtements taillent exactement comme indiqué dans le guide des tailles. Pour chaque produit, vous trouverez le guide des tailles, afin de toujours choisir la bonne taille et d'être sûr que cela vous ira parfaitement<\/p>"}},"item_3EAGtY":{"type":"item","settings":{"title":"Vous aves d'autres questions?","content":"<p>Vous avez une question ou besoin de conseils ? N'hésitez pas à nous contacter. Nous sommes ici pour vous aider et vous conseiller.<\/p><p><br\/>Email : <\/p><p><br\/>LUN \/ VEN 9h00 - 17h00<br\/>SAM \/ DIM 10h00 - 17h00<\/p>"}}},"block_order":["166442457738b23caf-0","166442457738b23caf-1","166442457738b23caf-2","item_3EAGtY"],"settings":{"full_width":false,"subheading":"","title":"FAQ","content":"<p>Réponses à toutes vos questions!<\/p>","team_avatar_width":160,"support_hours":"Notre magasin est ouvert du lun \/ ven de 09h00 à 17h00 et du sam \/ dim de 10h00 à 17h00","answer_time":"Réponse sous 24 heures","button_text":"","button_url":"","text_position":"center","background":"#ffffff","background_gradient":"","text_color":"","heading_color":"","heading_gradient":"","button_background":"","button_text_color":"","accordion_background":"","accordion_text_color":""}}},"order":["video_F7KCGa","featured_collection_byQV8W","collection-list","featured-collection","slideshow_a373fe","media-grid","faq"]}