{"type":"footer","name":"Footer group","sections":{"footer":{"type":"footer","blocks":{"newsletter":{"type":"newsletter","settings":{"image_width":150,"heading_size":"h3","title":"Tentez de gagner un crédit shopping de 100 €","content":"<p>Chaque mois, nous offrons 100 € à l'un de nos fidèles abonnés Dupont Mode !<\/p>"}},"links":{"type":"links","settings":{"menu":"footer","show_menu_title":true}},"text":{"type":"text","settings":{"title":"Des questions?","content":"<p><strong>Vous avez une question ou besoin de conseils ? N'hésitez pas à nous contacter. Nous sommes là pour vous aider et vous conseiller.<\/strong><\/p><p><strong><br\/>Email : bienvenue@delicaparis.com<\/strong><\/p><p><strong>Registration: 78738792<br\/>VAT: FR003035275B29<\/strong><\/p><p><strong><br\/>LUN \/ VEN 09h00 - 17h00<br\/>SAM \/ DIM 10h00 - 17h00<\/strong><\/p>","enable_follow_on_shop":false}}},"block_order":["newsletter","links","text"],"settings":{"show_social_media":true,"show_payment_icons":true,"show_country_selector":true,"show_country_flag":true,"show_country_name":true,"show_locale_selector":true}}},"order":["footer"]}