{"type":"header","name":"Header group","sections":{"announcement-bar":{"type":"announcement-bar","blocks":{"message_8K9zVe":{"type":"message","settings":{"text":"Livraison Gratuite","url":""}},"message":{"type":"message","settings":{"text":"Garantie de retour à 100%","url":""}},"message_UjK433":{"type":"message","settings":{"text":"4.7\/5 Évalué (2300+ avis)","url":""}}},"block_order":["message_8K9zVe","message","message_UjK433"],"settings":{"enable_sticky":true,"text_size":"text-xs","navigation_mode":"scrolling","scrolling_speed":10,"background":"#00a341","background_gradient":"","text_color":"#ffffff"}},"header":{"type":"header","settings":{"enable_sticky":true,"hide_on_scroll":false,"logo":"shopify:\/\/shop_images\/6450adfc-aa18-4c92-bcba-1fb75ba8e8be.png","logo_max_width":165,"logo_mobile_max_width":100,"menu":"main-menu","sidebar_menu":"","secondary_menu":"","menu_open_trigger":"click","opening_from":"bottom","layout":"logo_left_navigation_center","show_social_media":true,"show_locale_selector":true,"show_country_selector":true,"show_country_flag":true,"show_country_name":false,"transparent_header_text_color":"#ffffff","reduce_padding":false,"background_opacity":100,"background_blur_radius":0}}},"order":["announcement-bar","header"]}